"Status","Start Time","Stop Time","Duration in ms","Parent Suite","Suite","Sub Suite","Test Class","Test Method","Name","Description"
"passed","Thu Jan 21 20:00:02 CET 2021","Thu Jan 21 20:00:12 CET 2021","9513","","Content submitted count","","","","Content submitted col 5 calculations",""
"passed","Thu Jan 21 20:23:17 CET 2021","Thu Jan 21 20:23:30 CET 2021","12443","","Pitching no activity count","","","","Pitching no activity calculations",""
"passed","Thu Jan 21 20:25:13 CET 2021","Thu Jan 21 20:25:20 CET 2021","7174","","Pitching rejected count","","","","Pitching rejected col 4 calculations",""
"passed","Thu Jan 21 19:56:56 CET 2021","Thu Jan 21 19:57:04 CET 2021","7370","","Completion (paying third party) review count","","","","Completion paying third party col 2 calculations",""
"passed","Thu Jan 21 19:54:08 CET 2021","Thu Jan 21 19:54:17 CET 2021","9254","","All live details count","","","","All live details col 1 calculations",""
"passed","Thu Jan 21 19:57:04 CET 2021","Thu Jan 21 19:57:11 CET 2021","7739","","Completion (paying third party) review count","","","","Completion paying third party col 3 calculations",""
"passed","Thu Jan 21 20:12:27 CET 2021","Thu Jan 21 20:12:35 CET 2021","7459","","Ordered Content count","","","","Ordered content col 3 calculations",""
"passed","Thu Jan 21 19:58:09 CET 2021","Thu Jan 21 19:58:18 CET 2021","8757","","Content formatted count","","","","Content formatted col 1 calculations",""
"passed","Thu Jan 21 20:07:14 CET 2021","Thu Jan 21 20:07:20 CET 2021","6736","","Live url review count","","","","Live url review table count good",""
"passed","Thu Jan 21 20:18:51 CET 2021","Thu Jan 21 20:18:58 CET 2021","6932","","Pending live url review count","","","","Pending live url review col 6 calculations",""
"passed","Thu Jan 21 20:21:02 CET 2021","Thu Jan 21 20:21:11 CET 2021","8541","","Pending payment writers review count","","","","Pending payment writers col 2 calculations",""
"passed","Thu Jan 21 19:56:47 CET 2021","Thu Jan 21 19:56:56 CET 2021","9421","","Completion (paying third party) review count","","","","Completion paying third party col 1 calculations",""
"passed","Thu Jan 21 19:55:57 CET 2021","Thu Jan 21 19:56:04 CET 2021","6940","","Approving Title count","","","","Approving title col 5 calculations",""
"passed","Thu Jan 21 20:05:32 CET 2021","Thu Jan 21 20:05:39 CET 2021","6862","","Format content count","","","","Format content col 5 calculations",""
"passed","Thu Jan 21 20:23:53 CET 2021","Thu Jan 21 20:24:00 CET 2021","7118","","Pitching no activity count","","","","Pitching no activity col 4 calculations",""
"passed","Thu Jan 21 19:55:35 CET 2021","Thu Jan 21 19:55:43 CET 2021","8163","","Approving Title count","","","","Approving title col 2 calculations",""
"passed","Thu Jan 21 20:17:26 CET 2021","Thu Jan 21 20:17:32 CET 2021","6723","","Pending approvals count","","","","Pending approvals col 5 calculations",""
"passed","Thu Jan 21 19:53:35 CET 2021","Thu Jan 21 19:53:40 CET 2021","5081","","All Content count","","","","All Content table count good",""
"passed","Thu Jan 21 20:22:22 CET 2021","Thu Jan 21 20:22:30 CET 2021","7400","","Pitched Submitted count","","","","Pitched submitted col 2 calculations",""
"passed","Thu Jan 21 20:07:37 CET 2021","Thu Jan 21 20:08:30 CET 2021","53158","","New orders count","","","","New orders calculations",""
"passed","Thu Jan 21 20:13:38 CET 2021","Thu Jan 21 20:13:45 CET 2021","7142","","Paid bloggers  count","","","","Paid bloggers col 2 calculations",""
"passed","Thu Jan 21 19:54:33 CET 2021","Thu Jan 21 19:54:41 CET 2021","8705","","All live details count","","","","All live details col 4 calculations",""
"passed","Thu Jan 21 19:54:41 CET 2021","Thu Jan 21 19:54:49 CET 2021","7078","","All live details count","","","","All live details col 5 calculations",""
"passed","Thu Jan 21 20:12:43 CET 2021","Thu Jan 21 20:12:50 CET 2021","7011","","Ordered Content count","","","","Ordered content col 5 calculations",""
"passed","Thu Jan 21 20:27:12 CET 2021","Thu Jan 21 20:27:23 CET 2021","10653","","View Invoice count","","","","View Invoice calculations",""
"passed","Thu Jan 21 20:21:11 CET 2021","Thu Jan 21 20:21:18 CET 2021","7688","","Pending payment writers review count","","","","Pending payment writers col 3 calculations",""
"passed","Thu Jan 21 19:55:15 CET 2021","Thu Jan 21 19:55:28 CET 2021","12322","","Approving Title count","","","","Approving Title calculations",""
"passed","Thu Jan 21 20:01:35 CET 2021","Thu Jan 21 20:01:42 CET 2021","7156","","Content submitted no activity count","","","","Content submitted no activity col 6 calculations",""
"passed","Thu Jan 21 20:24:50 CET 2021","Thu Jan 21 20:24:58 CET 2021","8058","","Pitching rejected count","","","","Pitching rejected col 1 calculations",""
"passed","Thu Jan 21 20:01:42 CET 2021","Thu Jan 21 20:01:48 CET 2021","5616","","Content submitted no activity count","","","","Content submitted no activity table count good",""
"passed","Thu Jan 21 20:07:06 CET 2021","Thu Jan 21 20:07:14 CET 2021","7340","","Live url review count","","","","Live url col 6 calculations",""
"passed","Thu Jan 21 20:27:42 CET 2021","Thu Jan 21 20:27:50 CET 2021","7347","","View Invoice count","","","","View invoice col 3 calculations",""
"passed","Thu Jan 21 20:27:23 CET 2021","Thu Jan 21 20:27:34 CET 2021","11203","","View Invoice count","","","","View invoice col 1 calculations",""
"passed","Thu Jan 21 19:53:21 CET 2021","Thu Jan 21 19:53:28 CET 2021","7767","","All Content count","","","","All content col 5 calculations",""
"passed","Thu Jan 21 19:58:49 CET 2021","Thu Jan 21 19:58:57 CET 2021","8364","","Content formatted count","","","","Content formatted col 6 calculations",""
"passed","Thu Jan 21 20:21:18 CET 2021","Thu Jan 21 20:21:27 CET 2021","8242","","Pending payment writers review count","","","","Pending payment writers col 4 calculations",""
"passed","Thu Jan 21 19:59:39 CET 2021","Thu Jan 21 19:59:47 CET 2021","8213","","Content submitted count","","","","Content submitted col 2 calculations",""
"passed","Thu Jan 21 20:01:19 CET 2021","Thu Jan 21 20:01:27 CET 2021","7841","","Content submitted no activity count","","","","Content submitted no activity col 4 calculations",""
"passed","Thu Jan 21 20:20:10 CET 2021","Thu Jan 21 20:20:18 CET 2021","7499","","Pending payment bloggers review count","","","","Pending payment bloggers col 6 calculations",""
"passed","Thu Jan 21 20:00:55 CET 2021","Thu Jan 21 20:01:04 CET 2021","8931","","Content submitted no activity count","","","","Content submitted no activity col 1 calculations",""
"passed","Thu Jan 21 20:21:35 CET 2021","Thu Jan 21 20:21:43 CET 2021","7801","","Pending payment writers review count","","","","Pending payment writers col 6 calculations",""
"passed","Thu Jan 21 19:54:17 CET 2021","Thu Jan 21 19:54:25 CET 2021","7965","","All live details count","","","","All live details col 2 calculations",""
"passed","Thu Jan 21 20:26:54 CET 2021","Thu Jan 21 20:26:59 CET 2021","5114","","Review Content count","","","","Review Content table count good",""
"passed","Thu Jan 21 20:11:14 CET 2021","Thu Jan 21 20:11:22 CET 2021","7414","","Order Content count","","","","Order content col 4 calculations",""
"passed","Thu Jan 21 20:00:43 CET 2021","Thu Jan 21 20:00:55 CET 2021","12196","","Content submitted no activity count","","","","Content submitted no activity calculations",""
"passed","Thu Jan 21 19:55:28 CET 2021","Thu Jan 21 19:55:35 CET 2021","7204","","Approving Title count","","","","Approving title col 1 calculations",""
"passed","Thu Jan 21 20:16:32 CET 2021","Thu Jan 21 20:16:42 CET 2021","9954","","Pending approvals count","","","","Pending approvals col 2 calculations",""
"passed","Thu Jan 21 20:18:04 CET 2021","Thu Jan 21 20:18:16 CET 2021","12094","","Pending live url review count","","","","Pending live url review calculations",""
"passed","Thu Jan 21 20:02:03 CET 2021","Thu Jan 21 20:02:15 CET 2021","12297","","Content submitted rejected count","","","","Content submitted rejected calculations",""
"passed","Thu Jan 21 19:57:34 CET 2021","Thu Jan 21 19:57:40 CET 2021","5523","","Completion (paying third party) review count","","","","Completion (paying third party) review table count good",""
"passed","Thu Jan 21 20:24:58 CET 2021","Thu Jan 21 20:25:06 CET 2021","8159","","Pitching rejected count","","","","Pitching rejected col 2 calculations",""
"passed","Thu Jan 21 20:25:28 CET 2021","Thu Jan 21 20:25:35 CET 2021","7476","","Pitching rejected count","","","","Pitching rejected col 6 calculations",""
"passed","Thu Jan 21 20:12:19 CET 2021","Thu Jan 21 20:12:27 CET 2021","8333","","Ordered Content count","","","","Ordered content col 2 calculations",""
"passed","Thu Jan 21 20:19:29 CET 2021","Thu Jan 21 20:19:40 CET 2021","10706","","Pending payment bloggers review count","","","","Pending payment bloggers col 1 calculations",""
"passed","Thu Jan 21 20:02:22 CET 2021","Thu Jan 21 20:02:30 CET 2021","7393","","Content submitted rejected count","","","","Content submitted rejected col 2 calculations",""
"passed","Thu Jan 21 19:52:56 CET 2021","Thu Jan 21 19:53:05 CET 2021","9141","","All Content count","","","","All content col 2 calculations",""
"passed","Thu Jan 21 20:24:37 CET 2021","Thu Jan 21 20:24:50 CET 2021","12489","","Pitching rejected count","","","","Pitching rejected calculations",""
"passed","Thu Jan 21 19:54:57 CET 2021","Thu Jan 21 19:55:02 CET 2021","4914","","All live details count","","","","All live details table count good",""
"passed","Thu Jan 21 19:57:56 CET 2021","Thu Jan 21 19:58:09 CET 2021","13188","","Content formatted count","","","","Content formatted calculations",""
"passed","Thu Jan 21 20:27:57 CET 2021","Thu Jan 21 20:28:06 CET 2021","9223","","View Invoice count","","","","View invoice col 5 calculations",""
"passed","Thu Jan 21 20:14:55 CET 2021","Thu Jan 21 20:15:02 CET 2021","7361","","Paid writers count","","","","Paid writers col 2 calculations",""
"passed","Thu Jan 21 19:58:25 CET 2021","Thu Jan 21 19:58:32 CET 2021","7201","","Content formatted count","","","","Content formatted col 3 calculations",""
"passed","Thu Jan 21 20:26:39 CET 2021","Thu Jan 21 20:26:47 CET 2021","7691","","Review Content count","","","","Review content col 5 calculations",""
"passed","Thu Jan 21 20:15:50 CET 2021","Thu Jan 21 20:16:25 CET 2021","35066","","Pending approvals count","","","","Pending approvals calculations",""
"passed","Thu Jan 21 19:51:52 CET 2021","Thu Jan 21 19:52:00 CET 2021","7714","","All count","","","","All col 4 calculations",""
"passed","Thu Jan 21 19:59:19 CET 2021","Thu Jan 21 19:59:30 CET 2021","11217","","Content submitted count","","","","Content submitted calculations",""
"passed","Thu Jan 21 20:17:40 CET 2021","Thu Jan 21 20:17:45 CET 2021","4955","","Pending approvals count","","","","Pending approvals table count good",""
"passed","Thu Jan 21 20:28:06 CET 2021","Thu Jan 21 20:28:13 CET 2021","7123","","View Invoice count","","","","View invoice col 6 calculations",""
"passed","Thu Jan 21 20:20:39 CET 2021","Thu Jan 21 20:20:53 CET 2021","14697","","Pending payment writers review count","","","","Pending payment writers review calculations",""
"passed","Thu Jan 21 20:13:46 CET 2021","Thu Jan 21 20:13:53 CET 2021","7550","","Paid bloggers  count","","","","Paid bloggers col 3 calculations",""
"passed","Thu Jan 21 20:17:32 CET 2021","Thu Jan 21 20:17:40 CET 2021","7248","","Pending approvals count","","","","Pending approvals col 6 calculations",""
"passed","Thu Jan 21 20:14:00 CET 2021","Thu Jan 21 20:14:09 CET 2021","8772","","Paid bloggers  count","","","","Paid bloggers col 5 calculations",""
"passed","Thu Jan 21 20:04:16 CET 2021","Thu Jan 21 20:04:26 CET 2021","9969","","Creating title count","","","","Creating title col 6 calculations",""
"passed","Thu Jan 21 20:11:07 CET 2021","Thu Jan 21 20:11:14 CET 2021","7140","","Order Content count","","","","Order content col 3 calculations",""
"passed","Thu Jan 21 19:53:12 CET 2021","Thu Jan 21 19:53:21 CET 2021","8587","","All Content count","","","","All content col 4 calculations",""
"passed","Thu Jan 21 20:12:12 CET 2021","Thu Jan 21 20:12:19 CET 2021","7031","","Ordered Content count","","","","Ordered content col 1 calculations",""
"passed","Thu Jan 21 20:19:54 CET 2021","Thu Jan 21 20:20:02 CET 2021","7615","","Pending payment bloggers review count","","","","Pending payment bloggers col 4 calculations",""
"passed","Thu Jan 21 20:22:30 CET 2021","Thu Jan 21 20:22:37 CET 2021","7135","","Pitched Submitted count","","","","Pitched submitted col 3 calculations",""
"passed","Thu Jan 21 20:19:17 CET 2021","Thu Jan 21 20:19:29 CET 2021","12667","","Pending payment bloggers review count","","","","Pending payment bloggers review calculations",""
"passed","Thu Jan 21 19:53:28 CET 2021","Thu Jan 21 19:53:35 CET 2021","6759","","All Content count","","","","All content col 6 calculations",""
"passed","Thu Jan 21 19:57:26 CET 2021","Thu Jan 21 19:57:34 CET 2021","7803","","Completion (paying third party) review count","","","","Completion paying third party col 6 calculations",""
"passed","Thu Jan 21 20:12:59 CET 2021","Thu Jan 21 20:13:04 CET 2021","4992","","Ordered Content count","","","","Ordered Content table count good",""
"passed","Thu Jan 21 20:21:27 CET 2021","Thu Jan 21 20:21:35 CET 2021","8326","","Pending payment writers review count","","","","Pending payment writers col 5 calculations",""
"passed","Thu Jan 21 19:51:29 CET 2021","Thu Jan 21 19:51:38 CET 2021","8900","","All count","","","","All col 1 calculations",""
"passed","Thu Jan 21 20:22:52 CET 2021","Thu Jan 21 20:22:59 CET 2021","6973","","Pitched Submitted count","","","","Pitched submitted col 6 calculations",""
"passed","Thu Jan 21 20:03:18 CET 2021","Thu Jan 21 20:03:32 CET 2021","13710","","Creating title count","","","","Creating title calculations",""
"passed","Thu Jan 21 19:51:38 CET 2021","Thu Jan 21 19:51:45 CET 2021","7135","","All count","","","","All col 2 calculations",""
"passed","Thu Jan 21 20:04:09 CET 2021","Thu Jan 21 20:04:16 CET 2021","7092","","Creating title count","","","","Creating title col 5 calculations",""
"passed","Thu Jan 21 20:23:30 CET 2021","Thu Jan 21 20:23:37 CET 2021","7356","","Pitching no activity count","","","","Pitching no activity col 1 calculations",""
"passed","Thu Jan 21 20:11:29 CET 2021","Thu Jan 21 20:11:38 CET 2021","8620","","Order Content count","","","","Order content col 6 calculations",""
"passed","Thu Jan 21 20:03:42 CET 2021","Thu Jan 21 20:03:51 CET 2021","9177","","Creating title count","","","","Creating title col 2 calculations",""
"passed","Thu Jan 21 20:10:00 CET 2021","Thu Jan 21 20:10:07 CET 2021","6665","","New orders count","","","","New orders col 6 calculations",""
"passed","Thu Jan 21 20:11:38 CET 2021","Thu Jan 21 20:11:43 CET 2021","5604","","Order Content count","","","","Order Content table count good",""
"passed","Thu Jan 21 19:52:00 CET 2021","Thu Jan 21 19:52:08 CET 2021","8123","","All count","","","","All col 5 calculations",""
"passed","Thu Jan 21 20:02:30 CET 2021","Thu Jan 21 20:02:37 CET 2021","7228","","Content submitted rejected count","","","","Content submitted rejected col 3 calculations",""
"passed","Thu Jan 21 19:51:45 CET 2021","Thu Jan 21 19:51:52 CET 2021","7538","","All count","","","","All col 3 calculations",""
"passed","Thu Jan 21 19:56:11 CET 2021","Thu Jan 21 19:56:16 CET 2021","5235","","Approving Title count","","","","Approving Title table count good",""
"passed","Thu Jan 21 20:23:37 CET 2021","Thu Jan 21 20:23:45 CET 2021","7964","","Pitching no activity count","","","","Pitching no activity col 2 calculations",""
"passed","Thu Jan 21 20:13:30 CET 2021","Thu Jan 21 20:13:38 CET 2021","8254","","Paid bloggers  count","","","","Paid bloggers col 1 calculations",""
"passed","Thu Jan 21 20:10:58 CET 2021","Thu Jan 21 20:11:07 CET 2021","9435","","Order Content count","","","","Order content col 2 calculations",""
"passed","Thu Jan 21 19:52:15 CET 2021","Thu Jan 21 19:52:20 CET 2021","4859","","All count","","","","All table count good",""
"passed","Thu Jan 21 20:03:32 CET 2021","Thu Jan 21 20:03:42 CET 2021","10253","","Creating title count","","","","Creating title col 1 calculations",""
"passed","Thu Jan 21 20:00:19 CET 2021","Thu Jan 21 20:00:25 CET 2021","5191","","Content submitted count","","","","Content submitted table count good",""
"passed","Thu Jan 21 20:25:55 CET 2021","Thu Jan 21 20:26:08 CET 2021","12603","","Review Content count","","","","Review Content calculations",""
"passed","Thu Jan 21 20:01:27 CET 2021","Thu Jan 21 20:01:35 CET 2021","8203","","Content submitted no activity count","","","","Content submitted no activity col 5 calculations",""
"passed","Thu Jan 21 19:57:19 CET 2021","Thu Jan 21 19:57:26 CET 2021","7406","","Completion (paying third party) review count","","","","Completion paying third party col 5 calculations",""
"passed","Thu Jan 21 19:52:08 CET 2021","Thu Jan 21 19:52:15 CET 2021","6969","","All count","","","","All col 6 calculations",""
"passed","Thu Jan 21 20:06:30 CET 2021","Thu Jan 21 20:06:39 CET 2021","9217","","Live url review count","","","","Live url col 2 calculations",""
"passed","Thu Jan 21 20:08:54 CET 2021","Thu Jan 21 20:09:23 CET 2021","29101","","New orders count","","","","New orders col 3 calculations",""
"passed","Thu Jan 21 20:06:47 CET 2021","Thu Jan 21 20:06:57 CET 2021","9546","","Live url review count","","","","Live url col 4 calculations",""
"passed","Thu Jan 21 19:59:30 CET 2021","Thu Jan 21 19:59:39 CET 2021","8501","","Content submitted count","","","","Content submitted col 1 calculations",""
"passed","Thu Jan 21 20:26:47 CET 2021","Thu Jan 21 20:26:54 CET 2021","7134","","Review Content count","","","","Review content col 6 calculations",""
"passed","Thu Jan 21 20:08:30 CET 2021","Thu Jan 21 20:08:40 CET 2021","10402","","New orders count","","","","New orders col 1 calculations",""
"passed","Thu Jan 21 20:01:04 CET 2021","Thu Jan 21 20:01:11 CET 2021","7344","","Content submitted no activity count","","","","Content submitted no activity col 2 calculations",""
"passed","Thu Jan 21 20:04:26 CET 2021","Thu Jan 21 20:04:31 CET 2021","5372","","Creating title count","","","","Creating title table count good",""
"passed","Thu Jan 21 19:55:50 CET 2021","Thu Jan 21 19:55:57 CET 2021","6790","","Approving Title count","","","","Approving title col 4 calculations",""
"passed","Thu Jan 21 20:14:48 CET 2021","Thu Jan 21 20:14:55 CET 2021","6912","","Paid writers count","","","","Paid writers col 1 calculations",""
"passed","Thu Jan 21 20:03:51 CET 2021","Thu Jan 21 20:04:00 CET 2021","9044","","Creating title count","","","","Creating title col 3 calculations",""
"passed","Thu Jan 21 20:10:36 CET 2021","Thu Jan 21 20:10:51 CET 2021","14956","","Order Content count","","","","Order Content calculations",""
"passed","Thu Jan 21 20:23:45 CET 2021","Thu Jan 21 20:23:53 CET 2021","7523","","Pitching no activity count","","","","Pitching no activity col 3 calculations",""
"passed","Thu Jan 21 20:05:10 CET 2021","Thu Jan 21 20:05:18 CET 2021","7972","","Format content count","","","","Format content col 2 calculations",""
"passed","Thu Jan 21 20:25:35 CET 2021","Thu Jan 21 20:25:40 CET 2021","5178","","Pitching rejected count","","","","Pitching rejected table count good",""
"passed","Thu Jan 21 20:18:37 CET 2021","Thu Jan 21 20:18:44 CET 2021","7225","","Pending live url review count","","","","Pending live url review col 4 calculations",""
"passed","Thu Jan 21 20:19:47 CET 2021","Thu Jan 21 20:19:54 CET 2021","7011","","Pending payment bloggers review count","","","","Pending payment bloggers col 3 calculations",""
"passed","Thu Jan 21 20:27:34 CET 2021","Thu Jan 21 20:27:42 CET 2021","7826","","View Invoice count","","","","View invoice col 2 calculations",""
"passed","Thu Jan 21 19:58:57 CET 2021","Thu Jan 21 19:59:02 CET 2021","5102","","Content formatted count","","","","Content formatted table count good",""
"passed","Thu Jan 21 20:02:59 CET 2021","Thu Jan 21 20:03:04 CET 2021","5233","","Content submitted rejected count","","","","Content submitted rejected table count good",""
"passed","Thu Jan 21 20:24:00 CET 2021","Thu Jan 21 20:24:07 CET 2021","7200","","Pitching no activity count","","","","Pitching no activity col 5 calculations",""
"passed","Thu Jan 21 20:00:12 CET 2021","Thu Jan 21 20:00:19 CET 2021","7628","","Content submitted count","","","","Content submitted col 6 calculations",""
"passed","Thu Jan 21 20:04:00 CET 2021","Thu Jan 21 20:04:09 CET 2021","8495","","Creating title count","","","","Creating title col 4 calculations",""
"passed","Thu Jan 21 20:21:43 CET 2021","Thu Jan 21 20:21:48 CET 2021","5157","","Pending payment writers review count","","","","Pending payment writers review table count good",""
"passed","Thu Jan 21 20:18:23 CET 2021","Thu Jan 21 20:18:30 CET 2021","6921","","Pending live url review count","","","","Pending live url review col 2 calculations",""
"passed","Thu Jan 21 19:58:40 CET 2021","Thu Jan 21 19:58:49 CET 2021","8529","","Content formatted count","","","","Content formatted col 5 calculations",""
"passed","Thu Jan 21 20:22:45 CET 2021","Thu Jan 21 20:22:52 CET 2021","7130","","Pitched Submitted count","","","","Pitched submitted col 5 calculations",""
"passed","Thu Jan 21 20:05:18 CET 2021","Thu Jan 21 20:05:25 CET 2021","7087","","Format content count","","","","Format content col 3 calculations",""
"passed","Thu Jan 21 20:06:57 CET 2021","Thu Jan 21 20:07:06 CET 2021","9409","","Live url review count","","","","Live url col 5 calculations",""
"passed","Thu Jan 21 20:28:13 CET 2021","Thu Jan 21 20:28:19 CET 2021","5364","","View Invoice count","","","","View Invoice table count good",""
"passed","Thu Jan 21 20:13:53 CET 2021","Thu Jan 21 20:14:00 CET 2021","7034","","Paid bloggers  count","","","","Paid bloggers col 4 calculations",""
"passed","Thu Jan 21 20:10:51 CET 2021","Thu Jan 21 20:10:58 CET 2021","6872","","Order Content count","","","","Order content col 1 calculations",""
"passed","Thu Jan 21 20:26:32 CET 2021","Thu Jan 21 20:26:39 CET 2021","7152","","Review Content count","","","","Review content col 4 calculations",""
"passed","Thu Jan 21 19:57:11 CET 2021","Thu Jan 21 19:57:19 CET 2021","7457","","Completion (paying third party) review count","","","","Completion paying third party col 4 calculations",""
"passed","Thu Jan 21 20:26:23 CET 2021","Thu Jan 21 20:26:32 CET 2021","8495","","Review Content count","","","","Review content col 3 calculations",""
"passed","Thu Jan 21 20:11:22 CET 2021","Thu Jan 21 20:11:29 CET 2021","7346","","Order Content count","","","","Order content col 5 calculations",""
"passed","Thu Jan 21 20:26:08 CET 2021","Thu Jan 21 20:26:16 CET 2021","8211","","Review Content count","","","","Review content col 1 calculations",""
"passed","Thu Jan 21 20:04:48 CET 2021","Thu Jan 21 20:05:00 CET 2021","12114","","Format content count","","","","Format content calculations",""
"passed","Thu Jan 21 20:15:32 CET 2021","Thu Jan 21 20:15:37 CET 2021","5084","","Paid writers count","","","","Paid writers table count good",""
"passed","Thu Jan 21 20:20:53 CET 2021","Thu Jan 21 20:21:02 CET 2021","8691","","Pending payment writers review count","","","","Pending payment writers col 1 calculations",""
"passed","Thu Jan 21 19:52:34 CET 2021","Thu Jan 21 19:52:47 CET 2021","13697","","All Content count","","","","All Content calculations",""
"passed","Thu Jan 21 20:15:25 CET 2021","Thu Jan 21 20:15:32 CET 2021","6974","","Paid writers count","","","","Paid writers col 6 calculations",""
"passed","Thu Jan 21 19:59:47 CET 2021","Thu Jan 21 19:59:54 CET 2021","7187","","Content submitted count","","","","Content submitted col 3 calculations",""
"passed","Thu Jan 21 19:55:43 CET 2021","Thu Jan 21 19:55:50 CET 2021","6952","","Approving Title count","","","","Approving title col 3 calculations",""
"passed","Thu Jan 21 20:16:25 CET 2021","Thu Jan 21 20:16:32 CET 2021","6951","","Pending approvals count","","","","Pending approvals col 1 calculations",""
"passed","Thu Jan 21 20:22:15 CET 2021","Thu Jan 21 20:22:22 CET 2021","7061","","Pitched Submitted count","","","","Pitched submitted col 1 calculations",""
"passed","Thu Jan 21 19:54:25 CET 2021","Thu Jan 21 19:54:33 CET 2021","7570","","All live details count","","","","All live details col 3 calculations",""
"passed","Thu Jan 21 20:24:15 CET 2021","Thu Jan 21 20:24:20 CET 2021","5135","","Pitching no activity count","","","","Pitching no activity table count good",""
"passed","Thu Jan 21 20:09:23 CET 2021","Thu Jan 21 20:09:50 CET 2021","26721","","New orders count","","","","New orders col 4 calculations",""
"passed","Thu Jan 21 20:24:07 CET 2021","Thu Jan 21 20:24:15 CET 2021","7870","","Pitching no activity count","","","","Pitching no activity col 6 calculations",""
"passed","Thu Jan 21 20:15:10 CET 2021","Thu Jan 21 20:15:18 CET 2021","8500","","Paid writers count","","","","Paid writers col 4 calculations",""
"passed","Thu Jan 21 20:12:35 CET 2021","Thu Jan 21 20:12:43 CET 2021","8402","","Ordered Content count","","","","Ordered content col 4 calculations",""
"passed","Thu Jan 21 19:59:54 CET 2021","Thu Jan 21 20:00:02 CET 2021","8064","","Content submitted count","","","","Content submitted col 4 calculations",""
"passed","Thu Jan 21 20:02:15 CET 2021","Thu Jan 21 20:02:22 CET 2021","7266","","Content submitted rejected count","","","","Content submitted rejected col 1 calculations",""
"passed","Thu Jan 21 20:14:17 CET 2021","Thu Jan 21 20:14:22 CET 2021","5188","","Paid bloggers  count","","","","Paid bloggers  table count good",""
"passed","Thu Jan 21 20:02:44 CET 2021","Thu Jan 21 20:02:51 CET 2021","7035","","Content submitted rejected count","","","","Content submitted rejected col 5 calculations",""
"passed","Thu Jan 21 20:22:02 CET 2021","Thu Jan 21 20:22:15 CET 2021","12872","","Pitched Submitted count","","","","Pitched Submitted calculations",""
"passed","Thu Jan 21 19:54:49 CET 2021","Thu Jan 21 19:54:57 CET 2021","8209","","All live details count","","","","All live details col 6 calculations",""
"passed","Thu Jan 21 19:53:54 CET 2021","Thu Jan 21 19:54:08 CET 2021","14084","","All live details count","","","","All live details calculations",""
"passed","Thu Jan 21 20:08:40 CET 2021","Thu Jan 21 20:08:54 CET 2021","13717","","New orders count","","","","New orders col 2 calculations",""
"passed","Thu Jan 21 20:18:30 CET 2021","Thu Jan 21 20:18:37 CET 2021","6956","","Pending live url review count","","","","Pending live url review col 3 calculations",""
"passed","Thu Jan 21 20:17:10 CET 2021","Thu Jan 21 20:17:26 CET 2021","15326","","Pending approvals count","","","","Pending approvals col 4 calculations",""
"passed","Thu Jan 21 19:52:47 CET 2021","Thu Jan 21 19:52:56 CET 2021","8317","","All Content count","","","","All content col 1 calculations",""
"passed","Thu Jan 21 20:15:18 CET 2021","Thu Jan 21 20:15:25 CET 2021","6889","","Paid writers count","","","","Paid writers col 5 calculations",""
"passed","Thu Jan 21 19:58:32 CET 2021","Thu Jan 21 19:58:40 CET 2021","7899","","Content formatted count","","","","Content formatted col 4 calculations",""
"passed","Thu Jan 21 20:09:50 CET 2021","Thu Jan 21 20:10:00 CET 2021","10244","","New orders count","","","","New orders col 5 calculations",""
"passed","Thu Jan 21 20:15:02 CET 2021","Thu Jan 21 20:15:10 CET 2021","7094","","Paid writers count","","","","Paid writers col 3 calculations",""
"passed","Thu Jan 21 20:22:59 CET 2021","Thu Jan 21 20:23:04 CET 2021","5035","","Pitched Submitted count","","","","Pitched Submitted table count good",""
"passed","Thu Jan 21 20:25:06 CET 2021","Thu Jan 21 20:25:13 CET 2021","7259","","Pitching rejected count","","","","Pitching rejected col 3 calculations",""
"passed","Thu Jan 21 20:19:40 CET 2021","Thu Jan 21 20:19:47 CET 2021","7133","","Pending payment bloggers review count","","","","Pending payment bloggers col 2 calculations",""
"passed","Thu Jan 21 20:02:51 CET 2021","Thu Jan 21 20:02:59 CET 2021","7288","","Content submitted rejected count","","","","Content submitted rejected col 6 calculations",""
"passed","Thu Jan 21 20:05:25 CET 2021","Thu Jan 21 20:05:32 CET 2021","6852","","Format content count","","","","Format content col 4 calculations",""
"passed","Thu Jan 21 20:18:16 CET 2021","Thu Jan 21 20:18:23 CET 2021","7103","","Pending live url review count","","","","Pending live url review col 1 calculations",""
"passed","Thu Jan 21 20:27:50 CET 2021","Thu Jan 21 20:27:57 CET 2021","7196","","View Invoice count","","","","View invoice col 4 calculations",""
"passed","Thu Jan 21 20:14:09 CET 2021","Thu Jan 21 20:14:17 CET 2021","7673","","Paid bloggers  count","","","","Paid bloggers col 6 calculations",""
"passed","Thu Jan 21 19:53:05 CET 2021","Thu Jan 21 19:53:12 CET 2021","7125","","All Content count","","","","All content col 3 calculations",""
"passed","Thu Jan 21 20:20:02 CET 2021","Thu Jan 21 20:20:10 CET 2021","8368","","Pending payment bloggers review count","","","","Pending payment bloggers col 5 calculations",""
"passed","Thu Jan 21 20:12:50 CET 2021","Thu Jan 21 20:12:59 CET 2021","9132","","Ordered Content count","","","","Ordered content col 6 calculations",""
"passed","Thu Jan 21 20:26:16 CET 2021","Thu Jan 21 20:26:23 CET 2021","7331","","Review Content count","","","","Review content col 2 calculations",""
"passed","Thu Jan 21 20:06:22 CET 2021","Thu Jan 21 20:06:30 CET 2021","7900","","Live url review count","","","","Live url col 1 calculations",""
"passed","Thu Jan 21 20:05:00 CET 2021","Thu Jan 21 20:05:10 CET 2021","10389","","Format content count","","","","Format content col 1 calculations",""
"passed","Thu Jan 21 19:56:33 CET 2021","Thu Jan 21 19:56:47 CET 2021","14211","","Completion (paying third party) review count","","","","Completion (paying third party) review calculations",""
"passed","Thu Jan 21 20:06:07 CET 2021","Thu Jan 21 20:06:22 CET 2021","14748","","Live url review count","","","","Live url review calculations",""
"passed","Thu Jan 21 20:18:58 CET 2021","Thu Jan 21 20:19:03 CET 2021","5012","","Pending live url review count","","","","Pending live url review table count good",""
"passed","Thu Jan 21 20:06:39 CET 2021","Thu Jan 21 20:06:47 CET 2021","8340","","Live url review count","","","","Live url col 3 calculations",""
"passed","Thu Jan 21 20:25:20 CET 2021","Thu Jan 21 20:25:28 CET 2021","7279","","Pitching rejected count","","","","Pitching rejected col 5 calculations",""
"passed","Thu Jan 21 20:12:00 CET 2021","Thu Jan 21 20:12:12 CET 2021","11887","","Ordered Content count","","","","Ordered Content calculations",""
"passed","Thu Jan 21 20:22:37 CET 2021","Thu Jan 21 20:22:45 CET 2021","7812","","Pitched Submitted count","","","","Pitched submitted col 4 calculations",""
"passed","Thu Jan 21 20:20:18 CET 2021","Thu Jan 21 20:20:23 CET 2021","5077","","Pending payment bloggers review count","","","","Pending payment bloggers review table count good",""
"passed","Thu Jan 21 19:56:04 CET 2021","Thu Jan 21 19:56:11 CET 2021","6934","","Approving Title count","","","","Approving title col 6 calculations",""
"passed","Thu Jan 21 20:01:11 CET 2021","Thu Jan 21 20:01:19 CET 2021","7624","","Content submitted no activity count","","","","Content submitted no activity col 3 calculations",""
"passed","Thu Jan 21 19:58:18 CET 2021","Thu Jan 21 19:58:25 CET 2021","7370","","Content formatted count","","","","Content formatted col 2 calculations",""
"passed","Thu Jan 21 20:05:39 CET 2021","Thu Jan 21 20:05:46 CET 2021","6922","","Format content count","","","","Format content col 6 calculations",""
"passed","Thu Jan 21 20:14:36 CET 2021","Thu Jan 21 20:14:48 CET 2021","12042","","Paid writers count","","","","Paid writers calculations",""
"passed","Thu Jan 21 20:10:07 CET 2021","Thu Jan 21 20:10:11 CET 2021","3661","","New orders count","","","","New orders table count good",""
"passed","Thu Jan 21 19:51:16 CET 2021","Thu Jan 21 19:51:29 CET 2021","12328","","All count","","","","All calculations",""
"passed","Thu Jan 21 20:02:37 CET 2021","Thu Jan 21 20:02:44 CET 2021","7224","","Content submitted rejected count","","","","Content submitted rejected col 4 calculations",""
"passed","Thu Jan 21 20:05:46 CET 2021","Thu Jan 21 20:05:51 CET 2021","5087","","Format content count","","","","Format content table count good",""
"passed","Thu Jan 21 20:18:44 CET 2021","Thu Jan 21 20:18:51 CET 2021","7044","","Pending live url review count","","","","Pending live url review col 5 calculations",""
"passed","Thu Jan 21 20:13:18 CET 2021","Thu Jan 21 20:13:30 CET 2021","12226","","Paid bloggers  count","","","","Paid bloggers  calculations",""
"passed","Thu Jan 21 20:16:42 CET 2021","Thu Jan 21 20:17:10 CET 2021","28353","","Pending approvals count","","","","Pending approvals col 3 calculations",""
